ID,commune,facility,coordinates,services _ capacity,,Capacity
1,Zeralda ,L'hôpital Belkacemi Tayeb  ,"(36.69481286234817 , 2.8278013644181224)","""Dental Emergency,Gynecology Emergency, Pediatric Emergency,Medical-Surgical Emergency""",,45
2,Rahmania,Clinical Hemodialysis The Smart Renal Mahelma,"(36.680722270771014, 2.878642407765846)","""Renadial Hemodialysis""",,42
3,Rahmania,Clinical El Wiquaya,"(36.68119703997261, 2.8713975660083513)","""General Emergency,'Cardiac Emergency""",,104
4,Rahmania,Polyclinique SIDI ABDELLAH,"(36.69289423609818, 2.852464787369016)","""General Emergency,Gynecology Emergency, ORL, Pediatric Emergency, Dental Emergency, Gastrointestinal Emergency,Burn Emergency,Medical-Surgical Emergency""",,40
5,Rahmania,Dispensaire Zaatria,"(36.665546065835066, 2.865610607544431)","""General Emergency,Dental Emergency""",,138
6,Rahmania,Women's health clinic,"(36.6854438610203, 2.8812948839592973)","""Gynecology Emergency""",,116
7,Rahmania ,Cabinet ORL Dr Benallaoua,"(36.6875087328055, 2.879063286020413)","""ORL""",,42
8,Rahmania ,Room care Rahmania clinic,"(36.681568879489426, 2.90592093051146)","""General Emergency""",,46
9,Souidania ,Polyclinque de souidania,"(36.7021529249897, 2.9092713285583462)","""Gynecology Emergency, ORL,  Pediatric Emergency, Dental Emergency, General Emergency""",,34
10,Souidania ,Polyclinque de souidania 2,"(36.70475651548108, 2.909569495249885)","""General Emergency""",,90
11,Souidania ,Clinique de Pneumologie - Dr. MEBARKI,"(36.71521067287698, 2.9092030719149817)","""respiratory emergencies""",,52
12,Cheraga ,Clinique Chahrazed,"(36.77328650680487, 2.9497549301741093)","""ORL, Burn Emergency,Medical-Surgical Emergency,General Emergency,Pediatric Emergency,Dental Emergency""",,113
13,Cheraga ,Cabinet médical général,"(36.77558003262901, 2.965627675679136)","""General Emergency""",,43
14,Cheraga ,Polyclinic of Cheraga,"(36.76830850604806, 2.957616200642417)","""General Emergency""",,71
15,Cheraga ,Polyclinique les Dunes Chéraga ,"(36.7704924207475, 2.9592762049712023)","""General Emergency,Pediatric Emergency""",,133
16,Cheraga ,Clinique D'hémodialyse Ibtissama,"(36.76854915079953, 2.953667989076001)","""Renadial Hemodialysis""",,69
17,Ouled Fayet ,Polyclinique ouled fayet,"(36.7345706396605, 2.9494141993790306)","""General Emergency,Pediatric Emergency,Gynecology Emergency""",,44
18,Ouled Fayet ,Clinique Reefak El Feth,"(36.73854642912882, 2.950440728835655)","""General Emergency,Pediatric Emergency,Gynecology Emergency,Neurological Emergency,Gastrointestinal Emergency, Medical-Surgical Emergency""",,34
19,Ouled Fayet ,Polyclinique Plateau Ouled Fayet,"(36.719289322601234, 2.9375546626585525)","""General Emergency""",,128
20,El Achour ,Polyclinic El Achour Emergency H24,"(36.735793423773686, 2.9925919653560706)","""General Emergency, Pediatric Emergency, Dental Emergency""",,34
21,Draria ,Hospital Center S Draria ,"(36.7155672715264, 3.0008050930565857)","""General Emergency,Gynecology Emergency,ORL, Pediatric Emergency,Dental Emergency, Burn Emergency,Gastrointestinal Emergency,Medical-Surgical Emergency""",,74
22,Draria ,Clinique RAYA,"(36.71720552382278, 2.9978757669142553)","""Gynecology Emergency,Gastrointestinal Emergency,Medical-Surgical Emergency,Trauma center,Pediatric Emergency""",,45
23,Douera ,Hôpital de Douera,"(36.6671124481307, 2.9427537809864504)","""Infectious Disease Emergency,Renadial Hemodialysis,Orthopedic Emergencies, Burn Emergency,Pediatric Emergency,Ophtalmology Emergency,Medical-Surgical Emergency,respiratory emergencies,Gynecology Emergency,Gastrointestinal Emergency,ORL,Dental Emergency""",,147
24,Douera ,Hospital Maternity,"(36.66702570706881, 2.9427808159589617)","""Gynecology Emergency""",160,87
25,Douera ,Polyclinique Douera,"(36.669129150259174, 2.9396717941202466)","""General Emergency,Pediatric Emergency,Dental Emergency,Gynecology Emergency""",,39
26,Baba Hassen ,Centre de santé de Baba hassen,"(36.70027239412814, 2.970834232844522)","""General Emergency,respiratory emergencies""",,131
27,Baba Hassen ,Dispensaire,"(36.70013476058424, 2.9814772375483027)","""General Emergency""",,75
28,Baba Hassen ,Polyclinique BABA HASSEN,"(36.69324313287262, 2.982346838655508)","""General Emergency, Pediatric Emergency,Dental Emergency,Burn Emergency,Infectious Disease Emergency""",,130
29,Baba Hassen ,CLINIQUE TALIA,"(36.69282086747457, 2.966723355823066)","""ORL""",,47
30,Khraicia,Polyclinique de Khraisia,"(36.69181951611881, 2.981820189609621)","""General Emergency, Pediatric Emergency,Dental Emergency,Burn Emergency,Infectious Disease Emergency""",,57
31,Khraicia,Dispensaire cite khraicia,"(36.67132024609062, 2.9807962406857)","""General Emergency""",,135
32,Khraicia,Dispensaire sidi boukhriss,"(36.670461980321456, 2.9766854906766236)","""General Emergency""",,55
33,Khraicia,Medical Clinic Anis Chiffa Khraicia Alger,"(36.687437048678696, 2.9787640335896035)","""General Emergency,respiratory emergencies""",,53
34,Saoula.,Polyclinique Ibrahim Khaider Saoula,"(36.70350935088807, 3.028590536567301)","""General Emergency,Pediatric Emergency,Dental Emergency,Burn Emergency,Infectious Disease Emergency""",,33
35,Saoula.,dispensaire,"(36.70615604009432, 3.0316357343761284)","""General Emergency""",,58
36,Bchdjerrah,Centre de santé Tennis,"36.72053252331712, 3.1125846185819444","""General Emergency""",,33
37,Bchdjerrah,centre médical Bell Air,"36.72650562986639, 3.118774207978901","""General Emergency""",,30
38,Bchdjerrah,POLYCLINIQUE DE BACHDJARAH,"36.72898674707783, 3.1037130505443264","""General Emergency,Pediatric Emergency,Cardiac Emergency""",,36
39,Bchdjerrah,Polyclinique Ouedouchaih,"36.72387931142915, 3.1193139062048303","""General Emergency,Pediatric Emergency""",,126
40,Bchdjerrah,Polyclinique Haï El Badr Bachdjarah - EPSP Baraki,"36.72153128428266, 3.1050428801039858","""General Emergency,Pediatric Emergency""",,36
41,Bchdjerrah,Etablissement Publique de Santé de proximité de Baraki polyclinique Bachdjarah 3,"36.72092278109534, 3.115838465324167","""General Emergency,Pediatric Emergency,Cardiac Emergency,Diabetology Emergency""",,40
42,Bchdjerrah,Dispensaire de Bachdjarah,"36.72429381981396, 3.119872507417332","""General Emergency""",,50
43,Bchdjerrah,Polyclinique drid hocine,"36.739850588675175, 3.0877816817350574","""Psyciatric Emergency""",,28
44,Bchdjerrah,Disponsaire Hai El Badr,"36.72046009019037, 3.0930767254773275","""General Emergency""",,49
45,Bchdjerrah,EPSP Bachdjerrah,"36.72954747876393, 3.1274172009896244","""General Emergency , Pediatric Emergency""",,113
46,Hussein dey,Polyclinique Makaria Hussein Dey ,"36.73014874122693, 3.1053486962671935","""ORL,Neurological Emergency,Cardiac Emergency,Pediatric Emergency,Gastrointestinal Emergency""",,48
47,Hussein dey,CHU Nefissa Hamoud Ex Parnet,"36.73669671382788, 3.106357809717458","""Pediatric Emergency,Gynecology Emergency ,Ophtalmology Emergency,Cardiac Emergency,Renadial Hemodialysis""",,49
48,Hussein dey,Clinique ORL Zemiti,"36.73688606098167, 3.096556486748493","""ORL""",,48
49,Hussein dey,Centre des consultations spécialisées,"36.735705567280526, 3.1098845332984317","""General Emergency""",,139
50,Hussein dey,clinique de nephrologie et d'hemodialyse,"36.735051288288936, 3.1060845314055077"," ""Renadial Hemodialysis""",,81
51,Hussein dey,CMD (Centre Medico Diagnostique) EL DEY,"36.73290168674007, 3.1125479792942863","""General Emergency,Pediatric Emergency,Cardiac Emergency,Ophtalmology Emergency,respiratory emergencies,Neurological Emergency""",,138
52,Hussein dey,Clinique de néphrologie-hémodialyse Dialamine,"36.73374337276836, 3.1014056523509588"," ""Renadial Hemodialysis""",,79
53,Hussein dey,Centre Medico Diagnostic Hussein Dey,"36.73268239308188, 3.1128866867484994","""General Emergency""",,29
54,Hussein dey,Centre Medicale La Residence (Urgences Et Ophtalmologie),"36.741484378569005, 3.0888966441120043","""General Emergency""",,101
55,Hussein dey,Polyclinique La Résidence,"36.74089969260916, 3.0916968701068424","""Pediatric Emergency,Cardiac Emergency,General Emergency,Gynecology Emergency""",,36
56,Hussein dey,Centre Médico Social ENNA,"36.74307977704993, 3.090958262095519","""General Emergency""",,100
57,Hussein dey,Centre hospitalo,"36.74043987476501, 3.0987553448967526","""Pediatric Emergency,Cardiac Emergency,General Emergency,Gynecology Emergency""",,31
58,Hussein dey,Hôpital psychiatrique drid houssin,"36.73920045817796, 3.0858260639884443","""Psyciatric Emergency""",,44
59,Hussein dey,"ORL Dr ELKACIMI ELHASSANI Z.H Hussein Dey, Alger","36.7357473765403, 3.105544163988443","""ORL""",,98
60,kouba,EPH Bachir Mentouri kouba,"36.72624326483233, 3.0872752341276226","""ORL,Gynecology Emergency,General Emergency""",,43
61,kouba,CLINIQUE CMC KOUBA,"36.73674392851243, 3.0904842378356556","""Cardiac Emergency,Diabetology Emergency,Ophtalmogy Emergency,ORL""",,45
62,kouba,Clinique Parc Benomar diabetologie Endocrinologie,"36.72838836849437, 3.090158229519465","""Diabetology Emergency,Cardiac Emergency""",,69
63,kouba,"Clinique Medico Chirurgicale Ophtalmologie, Diabétologie","36.73659132034513, 3.0911667401271106","""Ophtalmology Emergency,Diabetology Emergency""",,31
64,kouba,EPH Bachir Mentouri kouba,"36.726621987581694, 3.089110679841124","""General Emergency,Pediatric Emergency,Cardiac Emergency""",,68
65,kouba,Hôpital de Kouba (nouvelle Entrée),"36.72592381065379, 3.0858761644642003"," ""ORL,Gynecology Emergency,Medical-Surgical Emergency""",,65
66,kouba,Clinique EPSP B.O KOUBA,"36.73257494041537, 3.0843839779946083","""General Emergency""",,77
67,kouba,Clinique Sait De Kouba,"36.72808728828006, 3.081014419749805","""General Emergency,Pediatric Emergency,Gynecology Emergency""",,40
68,kouba,Polyclinique kouba,"36.73775267381433, 3.0891276066204547","""Diabetology Emergency,General Emergency""",,75
69,kouba,Clinique EPSP B.O KOUBA,"36.73350786901446, 3.089561645518479","""General Emergency,Pediatric Emergency""",,63
70,kouba,EPSP Kouba Les Annassers,"36.734368279743066, 3.066449234354295","""General Emergency,Pediatric Emergency""",,39
71,kouba,Hôpital Les Oliviers,"36.72713711296135, 3.062414128797318","""General Emergency,Cardiac Emergency,Gynecology Emergency""",,71
72,kouba,Clinique Les Annassers Kouba,"36.73628599057123, 3.0800952509398676","""respiratory emergencies,General Emergency,Pediatric Emergency""",,39
73,kouba,Clinique inaya vieux kouba,"36.728960283822175, 3.0758517100234624","""Gynecology Emergency,Pediatric Emergency""",,33
74,Bourouba,Clinique nedjma 2,"36.71394498064842, 3.0957366243433406","""General Emergency,Medical-Surgical Emergency,Gynecology Emergency,Pediatric Emergency""",,48
75,Bourouba,Polyclinique Bourouba,"36.71543671789384, 3.109667961820619","""General Emergency,Dental Emergency,Pediatric Emergency,Psyciatric Emergency""",,114
76,Bourouba,EPSP,"36.71483280440477, 3.1141416332984315","""General Emergency,Pediatric Emergency""",,47
77,dar el beida,Polyclinique Dergana Dar El Beïda,"36.712894635006144, 3.211895456468696","""General Emergency""",,39
78,dar el beida,"dispensaire de cité Camp Nort ,Dar el Beida","36.716506834031215, 3.2273878958592768","""General Emergency,Pediatric Emergency""",,55
79,dar el beida,Centre d'hémodialyse Renadial,"36.71240117628976, 3.2161719173338006","""Hemodialyse Renadial""",,144
80,dar el beida,Polyclinique Dar El Beïda,"36.72123829001169, 3.2161500552822035","""General Emergency,Gynecology Emergency""",,54
81,dar el beida,Centre de diagnostic médical Dar El Beida,"36.718348722361334, 3.235333214499971","""General Emergency""",,51
82,dar el beida,Clinique Dentaire Lebdiri - Dental Emergencye Dar El Beida,"36.711330748388335, 3.2194974521926865","""Dental Emergency""",,30
83,dar el beida,CDM dar elbeida,"36.706816465215525, 3.2288767756738253","""Gynecology Emergency,General Emergency,Gastrointestinal Emergency""",,46
84,dar el beida,policlinique diabéte,"36.71501031650577, 3.210897985613937","""Diabetology Emergency""",,30
85,dar el beida,Polyclinique El Hamiz,"36.72641942546638, 3.2265881643986583","""General Emergency""",,59
86,dar el beida,CMS/DGSN,"36.722098176417184, 3.2050589828331724","""General Emergency""",,41
87,dar el beida,CDME Dar el Beida,"36.77985704353411, 3.062887176654147","""General Emergency""",,82
88,bab ezzouar,clinique medical specilaise RABIE Bab zouar,"36.72692148301402, 3.193187323094028","""resperatory emergencies,Cardiac Emergency"" ",,41
89,bab ezzouar,Clinique NOUACER,"36.720142075111326, 3.2001657065624625","""General Emergency,Cardiac Emergency,Pediatric Emergency,Diabetology Emergency,resperatory emergencies,Gastrointestinal Emergency""",,35
90,bab ezzouar,Polyclinique 5 Juillet,"36.722042441476546, 3.1965166895766526","""General Emergency,Cardiac Emergency,Diabetology Emergency""",,116
91,bab ezzouar,CMS Bab Ezzouar,"36.71711031040827, 3.198524440967036","""General Emergency,Cardiac Emergency,Diabetology Emergency,Pediatric Emergency""",,30
92,bab ezzouar,Polyclinique Sorecal/ Adminstration of EPSP dergana,"36.73455325314261, 3.1948097552822037","""General Emergency,Cardiac Emergency,Diabetology Emergency,Pediatric Emergency,ORL""",,115
93,Ben Aknoun,Hôpital de Ben Aknoun BOUKHROUFA Abdelkader,"36.76330737905673, 3.000611918587529","""Trauma center,Orthopedic Emergencies,Neurological Emergency""",,43
94,Ben Aknoun,Établissement Hospitalier Spécialisé Neurochirurgie Ali Ait Idir,"36.79556752283019, 3.086835153191746","""General Emergency,Cardiac Emergency,Diabetology Emergency,Pediatric Emergency""",,141
95,Ben Aknoun,Polyclinique Cite Malki EPSP,"36.75780818330825, 3.0408775008568854","""General Emergency,Cardiac Emergency,Diabetology Emergency,Pediatric Emergency,ORL,Gastrointestinal Emergency""",,26
96,dely brahim,EHS MAHFOUD BOUCEBCI_ Unité Dely Brahim,"36.749846294218386, 2.985335670193503","""Neurological Emergency""",,140
97,dely brahim,Clinique Al Azhar,"36.765621057206694, 2.981125102769521","""Medical-Surgical Emergency,Ophtalmogy Emergency,ORL,Orthopedic Emergencies,Renadial Hemodialysis,Cardiac Emergency,Pediatric Emergency,Medical-Surgical Emergency,Diabetology Emergency,Gastrointestinal Emergency,Gynecology Emergency,Neurological Emergency""",,137
98,dely brahim,Cnms urgences cardiovasculaires,"36.77054865741099, 3.00119008907003","""Cardiac Emergency,General Emergency""",,29
99,dely brahim,Polyclinique Urgence H24 Dely Brahim,"36.75329577063006, 2.97709541530582","""General Emergency""",,38
100,dely brahim,Centre de soin (polyclinique de Dely Ibrahim),"36.75618402311874, 2.98997001880767","""General Emergency""",,99
101,dely brahim,Hôpital spécialisé cardiovasculaire,"36.76972985138192, 3.0001838709191433","""Cardiac Emergency""",,26
102,dely brahim,hôpital du coeur alger,"36.76937514219812, 3.0003560412589874","""Cardiac Emergency""",,120
103,dely brahim,Hopital du cardiologue chevalley,"36.771781522261655, 3.0009568560890743","""Cardiac Emergency""",,60
104,dely brahim,Centre de soin neuropsychologique Adolescents - Dely Ibrahim,"36.75146928377752, 2.9909681653576143","""Neurological Emergency""",,150
105,dely brahim,Urgence cardiologique,"36.768453802792195, 3.0065035202498613","""General Emergency""",,36
106,dely brahim,Polyclinique Dely Brahim,"36.75359760077251, 2.9708837668257684","""General Emergency""",,46
107,dely brahim,Clinique du val,"36.754952032928124, 2.958625850527528","""General Emergency""",,30
108,dely brahim,CHU de Baïnem,"36.81049730519255, 2.97791171992908","""General Emergency""",,62
109,dely brahim,Centre de santé belvédère,"36.81341679415071, 2.9842282447286723","""General Emergency""",,139
110,dely brahim,Renadial Hemodialysis,"36.81266110440661, 2.9712068246896983","""Renadial Hemodialysis""",,68
111,dely brahim,CLINIQUE SAHA PLUS,"36.81319272583897, 2.9830894559679075","""Cardiac Emergency,Diabetology Emergency""",,44
112,Rais hamidou,Clinique rais hamidou,"36.81923159590398, 3.0091074160430447","""General Emergency,Pediatric Emergency,Cardiac Emergency""",,37
113,Rais hamidou,EPSP Rais Hamidou,"36.819265950927324, 3.0111673524754115","""General Emergency,Pediatric Emergency""",,64
114,Rais hamidou,Centre Medical Rais Hamidou ,"36.813094183827175, 3.011955394804239","""General Emergency""",,65
115,Rais hamidou,Dispensaire Médicale,"36.81901588786789, 3.0094558678165706","""General Emergency""",,39
116,djasr ksantina,L'hôpital Djasr Ksantina,"36.72144666579429, 3.064014117728343","""General Emergency""",,95
117,djasr ksantina,clinique cardiaque,"36.713003632241474, 3.1072498726315763","""Cardiac Emergency""",,25
118,djasr ksantina,"Hopital ""cheghoub Abdellah ""","36.70681090472304, 3.0893970902177332","""General Emergency""",,44
119,djasr ksantina,Clinique 720,"36.70757807614604, 3.0753668862712353","""General Emergency""",,115
120,djasr ksantina,Clinique d’hémodialyse meftah El khir,"36.706053981577234, 3.082530637036907","""Renadial Hemodialysis""",,41
121,djasr ksantina,Polyclinique Sidi M'hamed Bouchenafa,"36.70598517001249, 3.0816723301900844","""General Emergency, Pediatric Emergency""",,102
122,djasr ksantina,Centre médical de Neuropediatrie,"36.70976971457747, 3.0899120759195533","""General Emergency,Pediatric Emergency""",,50
123,djasr ksantina,Dispensaire Djisr ksantina,"36.70584754669814, 3.077809949379396","""General Emergency""",,130
124,djasr ksantina,Centre médical djasr ksantina,"36.70612279308038, 3.077724118694714","""General Emergency""",,47
125,djasr ksantina,Clinique Dentaire,"36.70443725776955, 3.077682675667542","""Dental Emergency""",,41
126,djasr ksantina,Clinique kardia,"36.71037541333988, 3.0968750756675423","""General Emergency,Pediatric Emergency""",,54
127,djasr ksantina,Polyclinique 390 Logts,"36.705442867289094, 3.1027959463340147","""General Emergency,Pediatric Emergency""",,98
128,el mouradia,Diar Saada Clinique,"36.743653555829255, 3.060295237332297","""Renadial Hemodialysis,Ophtalmogy Emergency,Orthopedic Emergencies,Gynecology Emergency,Cardiac Emergency""",,33
129,el mouradia,Clinique El-bahdja,"36.745413036746356, 3.057742725126274","""ORL""",,150
130,el mouradia,Clinique EL BASSAR Dr NAIT-KACI Chirurgie Ophtalmologique,"36.74562660969759, 3.052892275401032","""Ophtalmogy Emergency""",,38
131,el mouradia,Clinique RAHMOUNI Djilali (ex Les Orangers ),"36.75518679528388, 3.042277477250758","""General Emergency""",,140
132,el mouradia,Hopital Rahmoni EL JILAL,"36.755229774969216, 3.0385116559603373","""General Emergency,Pediatric Emergency,Renadial Hemodialysis,Ophtalmology Emergency""",,35
133,el mouradia,Yourarta`hopital,"36.75302453903135, 3.042734645278231","""General Emergency,Pediatric Emergency,Renadial Hemodialysis,Ophtalmology Emergency""",,29
134,el mouradia,Clinik Elqods,"36.74435433760173, 3.049702456922387","""General Emergency,Pediatric Emergency,Renadial Hemodialysis,Ophtalmology Emergency,Dental Emergency""",,35
135,el mouradia,Polyclinique St Claire,"36.74673852554204, 3.0566283132940257","""General Emergency,Cardiac Emergency,Diabetology Emergency,Pediatric Emergency,ORL""",,32
136,el mouradia,Dispensaire Ammar Guerni,"36.745547187436024, 3.0545763741744993","""General Emergency,Pediatric Emergency,Dental Emergency""",,122
137,el mouradia,Annexe chu Mustapha bacha,"36.746831575383986, 3.058787384127068","""General Emergency,Pediatric Emergency,Dental Emergency,Cardiac Emergency,Diabetology Emergency""",,90
138,Hydra,CMDTA (clinique Hartani),"36.73783633379967, 3.033178669430368","""Ophtalmology Emergency""",,44
139,Hydra,Clinique El Qods,"36.746145452878956, 3.0453080252514315","""Gynecology Emergency""",,45
140,Hydra,Clinique Chifa,"36.74505963420121, 3.0244526570149577","""Gynecology Emergency,Cardiac Emergency""",,26
141,Hydra,Hôpital Hydra,"36.74152820556649, 3.0390764344689942","""General Emergency,Cardiac Emergency,Diabetology Emergency,Pediatric Emergency,ORL,Dental Emergency""",,112
142,Hydra,CENTRE MEDICAL HYDRA,"36.748676862290424, 3.0362277677570306","""General Emergency,Pediatric Emergency,Dental Emergency""",,43
143,Hydra,Urgence clinic ( Governmental ),"36.74145830617721, 3.039683649273074","""General Emergency,Pediatric Emergency,Dental Emergency,Cardiac Emergency,Diabetology Emergency""",,68
144,Hydra,Clinique Hamouche,"36.75547763195238, 3.030311286822366","""Ophtalmology Emergency""",,30
145,Hydra,Centre médical paradou,"36.74405601640918, 3.0298388572141834","""General Emergency,Pediatric Emergency,Dental Emergency""",,42
146,Hydra,Clinique SARI Hydra,"36.7504754997544, 3.0391468265278907","""General Emergency,Pediatric Emergency,Dental Emergency,Cardiac Emergency,Diabetology Emergency""",,32
147,Hydra,CLINIQUE Dr NADJETTE BOUAZZA,"36.7465210228709, 3.042580053979831","""Gynecology Emergency""",,146
148,el mohammadia,Polyclinique Les Bananiers (belkhiter mohammed),"36.73110313839496, 3.1660720998814895","""Pediatric Emergency,General Emergency,Ophtalmology Emergency""",,128
149,el mohammadia,Polyclinique mohamadia ,"36.7442862807837, 3.133775334968277","""General Emergency,Pediatric Emergency,Dental Emergency,Cardiac Emergency,Diabetology Emergency""",,66
150,el mohammadia,Clinique les mandariniers,"36.744766566623596, 3.153639120453779","""ORL""",,80
151,el mohammadia,Polyclinique Belkheir ,"36.746623724213535, 3.1536071388864855","""General Emergency,Pediatric Emergency, Dental Emergency,Cardiac Emergency,Diabetology Emergency""",,109
152,el mohammadia,clinique d'hémodialyse Ennour,"36.72433732724364, 3.220211753022328","""Renadial Hemodialysis""",,45
153,Bordj El Kiffan,polyclinique Bordj el kiffan,"36.74802090349016, 3.1963146531633493","""General Emergency,Gynecology Emergency,Pediatric Emergency,Dental Emergency,Gastrointestinal Emergency,Medical-Surgical Emergency""",,36
154,Bordj El Kiffan,hospital Bordj el kiffan,"36.745030155591074, 3.199628310357831","""Infectious Disease Emergency,Ophtalmology Emergency,Cardiac Emergency""",,43
155,Bordj El Kiffan,Cybéle clinic,"36.747879788386186, 3.1932230331859732","""General Emergency,Gynecology Emergency,Pediatric Emergency""",,78
156,Bordj El Kiffan,Clinique El Bordj,"36.7710945577078, 3.181069150808235","""General Emergency,Gynecology Emergency""",,30
157,Bordj El Kiffan,Dispensaire Bordj el kiffan,"36.763084777236735, 3.2322169434535217","""General Emergency,Infectious Disease Emergency,respiratory emergencies""",,88
158,Bordj El Kiffan,Clinique d'hemodialyse les deux Rives,"36.76620715477227, 3.25709061881224","""respiratory emergencies""",,50
159,El Magharia,Polyclinique El Magharia,"36.685465331792074, 3.339633611858365","""Gastrointestinal Emergency,General Emergency,Gynecology Emergency,ORL""",,104
160,Beni Messous,CHU ISSAD HASSANI ,"36.77838547633765, 2.981981100682869","""Infectious Disease Emergency,Renadial Hemodialysis,IOrthopedic Emergencies,Trauma center,Ophtalmology Emergency,Cardiac Emergency,Medical-Surgical Emergency,Neurological Emergency,respiratory emergencies""",,36
161,Beni Messous,Polyclinic Sidi Youcef,"36.78603990646601, 2.966807448614976","""General Emergency,Gynecology Emergency,ORL,Gastrointestinal Emergency,Medical-Surgical Emergency""",,49
162,Beni Messous,Centre Hospialo-Universitaire Beni Messous,"36.78204054697865, 2.980640895123478","""General Emergency,Pediatric Emergency,Burn Center""",,31
163,Beni Messous,Polyclinique Houari Boumediene Beni Messous,"36.78304004928664, 2.96539602229203","""General Emergency,Gynecology Emergency,ORL,Gastrointestinal Emergency,Medical-Surgical Emergency""",,33
164,Beni Messous,Polyclinic Djamel Boukanoune,"36.78586575267628, 2.966838501341541","""General Emergency,Gynecology Emergency,ORL,Gastrointestinal Emergency,Medical-Surgical Emergency""",,44
165,Les Eucalyptus,Polyclinic Les Eucalyptus ,"36.666736477121766, 3.1487457511558024","""General Emergency,Gynecology Emergency,ORL,Gastrointestinal Emergency,Medical-Surgical Emergency""",,27
166,Les Eucalyptus,Centre Hospitalier Les Eucalyptus,"36.66760727445375, 3.148983801624098","""General Emergency,Gynecology Emergency,Gastrointestinal Emergency,Medical-Surgical Emergency""",,34
167,Les Eucalyptus,Nada Clinic ,"36.6682625822025, 3.14245194737091","""Pediatric Emergency,respiratory emergencies""",,35
168,Les Eucalyptus,Kids Clinic Les Eucalyptus,"36.667304512413615, 3.143497375498682","""Pediatric Emergency,respiratory emergencies""",,46
169,Les Eucalyptus,Dr Chokri kids clinic,"36.66523456542605, 3.143909907888812","""Pediatric Emergency,respiratory emergencies""",,62
170,Les Eucalyptus,Polyclinic Chrarba,"36.66779783622158, 3.1693514127737323","""General Emergency,Gynecology Emergency,ORL,Gastrointestinal Emergency,Medical-Surgical Emergency""",,37
171,Les Eucalyptus,Private Medical Clinic Les Eucalyptus ,"36.659125875140084, 3.1428648613676424","""General Emergency,Medical-Surgical Emergency""",,47
172,Les Eucalyptus,Chiffa Clinic ,"36.65725684164798, 3.148720378470106","""Pediatric Emergency,Dental Emergency,Pediatric Emergency Dental Emergency,Pediatric Emergency,Dental Emergency""",,147
173,Birtouta,EPSP Birtouta,"36.646662472120624, 3.0009311843712116","""Infectious Disease Emergency,Renadial Hemodialysis,IOrthopedic Emergencies,Trauma center,Ophtalmology Emergency,Cardiac Emergency,Medical-Surgical Emergency,Neurological Emergency,respiratory emergencies""",,39
174,Birtouta,Nour Aures clinic,"36.64832818937716, 3.0022672900955563","""Pediatric Emergency,Dental Emergency""",,46
175,Birtouta,Polyclinic Birtouta 2,"36.646143988407225, 2.9882938106147288","""General Emergency,Gynecology Emergency,ORL,Gastrointestinal Emergency,Medical-Surgical Emergency""",,38
176,Birtouta,ALOUIA Clinic ,"36.64140508823072, 2.9916940631099322","""General Emergency,Gynecology Emergency,ORL,Gastrointestinal Emergency,Medical-Surgical Emergency""",,33
177,Birtouta,Polyclinic Birtouta 1,"36.64713023073946, 3.0010134999980287","""General Emergency,Gynecology Emergency,ORL,Gastrointestinal Emergency,Medical-Surgical Emergency""",,45
178,Birtouta,Centre de sante Addeche,"36.64993746034313, 2.991324481107007","""Infectious Disease Emergency,Renadial Hemodialysis,IOrthopedic Emergencies,Trauma center,Ophtalmology Emergency,Cardiac Emergency,Medical-Surgical Emergency,Neurological Emergency,respiratory emergencies""",,30
179,Birtouta,Structure Clinique Birtouta,"36.62239959470886, 2.9590461628363514","""General Emergency,Gynecology Emergency,ORL,Gastrointestinal Emergency,Medical-Surgical Emergency""",,126
180,Birtouta,"Clinique ""Lamssat el Shifaa""","36.642536644786865, 2.9900912711638616","""General Emergency,Gynecology Emergency,ORL,Gastrointestinal Emergency,Medical-Surgical Emergency""",,43
181,Birtouta,Maloum Youcef Children's hospital,"36.63097129505434, 2.946103270373261","""Pediatric Emergency""",,26
182,Tessala El Merdja,Polyclinique TESSALA EL MERDJA,"36.636609, 2.945507","""General Emergency,Gynecology Emergency,Pediatric Emergency""",,92
183,Tessala El Merdja,Dispensaire Tessala el Merdja,"36.63644087964782, 2.9456553969796175","""Infectious Disease Emergency,Renadial Hemodialysis,IOrthopedic Emergencies,Trauma center,Ophtalmology Emergency,Cardiac Emergency,Medical-Surgical Emergency,Neurological Emergency,respiratory emergencies""",,56
184,Tessala El Merdja,Farhi Dental Clinic,"36.630734647796395, 2.9456285846191403","""Dental Emergency""",,48
185,Tessala El Merdja,El khayer Djaber Centre de sante,"36.6356945770477, 2.9426916513068178","""General Emergency,Pediatric Emergency,Burn Center""",,29
186,Ouled Chebel,Hopital Cite 3216 Ouled Chebel,"36.62323280214703, 2.989522882198059","""Infectious Disease Emergency,Infectious Disease Emergency,Infectious Disease Emergency,Infectious Disease Emergency,Ophtalmology Emergency,Cardiac Emergency,Medical-Surgical Emergency,Neurological Emergency,respiratory emergencies""",,115
187,Ouled Chebel,Dispensaire Oueld Chebel,"36.615001108899044, 3.000635920809494","General Emergency,Pediatric Emergency,Burn Center",,50
188,Ouled Chebel,Polyclininc Chaibia,"36.62730210657311, 2.9898316990962925","""General Emergency,Gynecology Emergency,ORL,Gastrointestinal Emergency,Medical-Surgical Emergency""",,64
189,Ouled Chebel,Centre Medicale ouled chbel,"36.60603845273456, 2.9970397962889384","""General Emergency,Pediatric Emergency,Burn Center""",,43
190,Sidi Moussa,Clinique sidi moussa ,"36.60750536776844, 3.0912582586533772","""General Emergency,Gynecology Emergency,ORL,Gastrointestinal Emergency,Medical-Surgical Emergency""",,43
191,Sidi Moussa,Centre Medical Sidi Moussa,"36.607644127762335, 3.091430660411048","""General Emergency,Pediatric Emergency,Burn Center""",,64
192,Sidi Moussa,Polyclinique Houaoura,"36.621860332930204, 3.1088880851730787","""General Emergency,Gynecology Emergency,ORL,Gastrointestinal Emergency,Medical-Surgical Emergency""",,29
193,Ain Taya,Hopital de AIN TAYA,"36.789166286068166, 3.2947051076454654","""General Emergency,Gynecology Emergency,ORL,Gastrointestinal Emergency,Medical-Surgical Emergency""",,42
194,Ain Taya,Clinique Aek Hadj,"36.78992810095848, 3.2919430313757543","""General Emergency,Gynecology Emergency,ORL,Gastrointestinal Emergency,Medical-Surgical Emergency""",,68
195,Ain Taya,clinique ophtalmologique Amel,"36.78940790778287, 3.2918372646384197","""Ophtalmology Emergency""",,30
196,Ain Taya,Clinique Dentaire Ain taya,"36.78968287330738, 3.2916441742022524","""Dental Emergency""",,42
197,Ain Taya,Clinique Nour El Bouchra,"36.79120347894748, 3.2926017776091583","""Ophtalmology Emergency""",,25
198,Ain Taya,Om Walid Clinique,"36.792296454092885, 3.300839620804775","""General Emergency,Gynecology Emergency,ORL,Gastrointestinal Emergency,Medical-Surgical Emergency""",,37
199,Ain Taya,Centre de diagnostic Dial Azur,"36.793658135827556, 3.290368090134015","""General Emergency,Gynecology Emergency,ORL,Gastrointestinal Emergency,Medical-Surgical Emergency""",,26
200,Ain Taya,Polyclinique de Surcouf,"36.79218026093638, 3.301305850830963","""General Emergency,Pediatric Emergency,Burn Center""",,50
201,Bordj El Bahri,Clinique Khentouche,"36.78781210750465, 3.24533953284326","""General Emergency,Gynecology Emergency,ORL,Gastrointestinal Emergency,Medical-Surgical Emergency""",,74
202,Bordj El Bahri,Clinique Bordj el Bahri,"36.78545457377691, 3.2494371543676315","""General Emergency,Gynecology Emergency,ORL,Gastrointestinal Emergency,Medical-Surgical Emergency""",,132
203,Bordj El Bahri,Polyclinique BORDJ EL BAHRI - BRISE MARINE,"36.78429049615238, 3.249484347431978","""General Emergency,Pediatric Emergency,Burn Center""",,116
204,Bordj El Bahri,polyclinique de Alger plage,"36.786329738244156, 3.236628838415306","""General Emergency,Pediatric Emergency,Burn Center""",,48
205,Bordj El Bahri,Clinique d'accouchement Bordj El Bahri,"36.78603076813102, 3.2347364072194638","""General Emergency,Gynecology Emergency,ORL,Gastrointestinal Emergency,Medical-Surgical Emergency""",,37
206,Bordj El Bahri,Clinique d'accouchement Hiba,"36.79571427731322, 3.250707427573039","""Gynecology Emergency,Pediatric Emergency""",,50
207,Bordj El Bahri,Clinique Smile,"36.78793321540507, 3.2498935989382747","""Dental Emergency""",,101
208,Bordj El Bahri,Clinique ORL et chirurgie cervico-faciale Dr A.Feraoun,"36.779003418657055, 3.243788501504749","""ORL""",,36
209,Bordj El Bahri,Clinique Chorffa d'Hemodialyse,"36.785984343488046, 3.233306860103773","""Renadial Hemodialysis""",,143
210,Bordj El Bahri,Dispensaire Coco-plage ,"36.7810151640475, 3.2339274865749243","""General Emergency,Pediatric Emergency,Burn Center""",,28
211,Bordj El Bahri,Family dental clinic Dr Sakilani M,"36.78895095412605, 3.2379111276314294","""Dental Emergency""",,37
212,Bordj El Bahri,Attassi Dental Center,"36.78001369948626, 3.245827115335535","""Dental Emergency""",,113
213,Bordj El Bahri,Centre De Diagnostic Azur Medical,"36.79272306949504, 3.243160333835025","""General Emergency,Gynecology Emergency,ORL,Medical-Surgical Emergency""",,150
214,Bordj El Bahri,Pr Agrégé BOUDIAF Samir Anesthésie Réanimation,"36.78846107144644, 3.2454767530026474","""respiratory emergencies,ORL""",,105
215,Bordj El Bahri,Clinique d'accouchement,"36.786881503025114, 3.23466209135904","""Gynecology Emergency""",,47
216,Bordj El Bahri,Policlinique pneumonies,"36.77902555461705, 3.244220780313573","""respiratory emergencies,ORL""",,46
217,Bordj El Bahri,Centre de sante Bordj El Bahri,"36.779593046130266, 3.2343606214280656","""General Emergency,Pediatric Emergency,Burn Center""",,32
218,Bordj El Bahri,UCTMR Bordj El Bahri,"36.77930645887783, 3.2441199577274866","""General Emergency,Gynecology Emergency,ORL,Gastrointestinal Emergency,Medical-Surgical Emergency""",,39
219,El Marsa,Chirurgical clinic IBN SINA ,"36.80564852437365, 3.238032762729261","""Medical-Surgical Emergency,Cardiac Emergency,ORL""",,111
220,El Marsa,Polyclinique D'El Marsa,"36.408034768560626, 0.9201223255815842","""General Emergency,Pediatric Emergency,Burn Center""",,137
221,El Marsa,Eliss medical centre ,"36.81235401871845, 3.237592947432842","""General Emergency,Pediatric Emergency,Burn Center,ORL,Dental Emergency""",,114
222,El Marsa,Dispensaire de jean-bart,"36.81017003025448, 3.252529163271909","""General Emergency,Pediatric Emergency,Burn Center,ORL,Dental Emergency""",,46
223,H'raoua,Centre De sante H'raoua,"36.77252518106494, 3.2960541025420618","""General Emergency,Pediatric Emergency,Burn Center,ORL,Dental Emergency""",,44
224,H'raoua,polyclinique de H'raoua,"36.805374816398995, 3.238066321002647","""General Emergency,Gynecology Emergency,ORL,Gastrointestinal Emergency,Medical-Surgical Emergency""",,63
225,Rouiba,Clinique Lotus,"36.742891970028246, 3.277100846675796","""Orthopedic Emergencies,Medical-Surgical Emergency,General Emergency""",,45
226,Rouiba,Clinique medicale APGAR CDMA- ROUIBA,"36.73239006049501, 3.275766348975179","""Gynecology Emergency,Pediatric Emergency,Gastrointestinal Emergency,Cardiac Emergency""",,27
227,Rouiba,Polyclinique Rouiba,"36.73877969752, 3.2780106813474297"," ""Gynecology Emergency,Pediatric Emergency""",,49
228,Rouiba,Clinique Les Orangers,"36.74206928259347, 3.28090897561395","""Gynecology Emergency""",,35
229,Rouiba,Renadial clinic ,"36.741838518017026, 3.282587814619137","""Neurological Emergency,General Emergency,Dental Emergency,,Ophtalmology Emergency,Gynecology Emergency""",,49
230,Reghaia,Polyclinique Reghaia,"36.74173862058521, 3.341747015468704","""Neurological Emergency,General Emergency,Dental Emergency,,Ophtalmology Emergency,Gynecology Emergency""",,30
231,Reghaia,Clinique SHIRAZE,"36.75054099251171, 3.342404478585662","""Medical-Surgical Emergency,Cardiac Emergency""",,123
232,Reghaia,Clinique Jihan Hana,"36.739336276080294, 3.3416774038577897","""Medical-Surgical Emergency,Cardiac Emergency,ORL""",,37
233,Reghaia,E.P.S.P Reghaia salle de soin Ali khoudja,"36.758446367545915, 3.3482982431411834","""General Emergency,Pediatric Emergency,Burn Center""",,34
234,Reghaia,CENTRE DE TRAITEMENT MEDICAL DU CANCER,"36.743148, 3.338737","""General Emergency,Pediatric Emergency,Burn Center""",,44
235,Reghaia,EPSP Reghaia,"36.72980274712438, 3.33562268854421","""General Emergency,Pediatric Emergency,Burn Center""",,25
236,Reghaia,Centre d'appareillage orthopedique Regaia orthopedie,"36.74196818803972, 3.338743806844085","""Ophtalmology Emergency""",,54
237,Reghaia,ESP De Sante De Proximite Reghaia,"36.738751288622716, 3.341798520430129","""General Emergency,Pediatric Emergency,Burn Center""",,35
238,Reghaia,CENESTAL Cite,"36.74315325713231, 3.343172247126774","""General Emergency,Pediatric Emergency,Burn Center""",,59
239,Reghaia,Medical Center - Les Iris,"36.73044640652726, 3.334912784010904","""General Emergency,Pediatric Emergency,Burn Center""",,28
240,Reghaia,Mafal Dental Clinic Dr.Oumahammed,"36.74219026991645, 3.343772992436606","""Dental Emergency""",,149
241,Ain Benian,Polyclinique Ain Benian,"36.80469920596967, 2.9120174430062438","""General Emergency,Gynecology Emergency,ORL,Gastrointestinal Emergency,Medical-Surgical Emergency""",,41
242,Ain Benian,Dispensaire Polyclinique Ain Benian,"36.80113205734672, 2.9222751582040374","""Neurological Emergency,General Emergency,Dental Emergency,,Ophtalmology Emergency,Gynecology Emergency""",,26
243,Ain Benian,Clinique de diagnostic mÃ©dical Lalla Khedidja,"36.79255501550524, 2.9055981688266552","""General Emergency,Gynecology Emergency,ORL,Gastrointestinal Emergency,Medical-Surgical Emergency""",,92
244,Ain Benian,Clinique saha plus,"36.81348908406044, 2.9783186001387927",Cardiologue Diabetologue Endocrinologue Radiologue SÃ©nologue,,87
245,Ain Benian,Hopital Ain Benian,"36.812691466726434, 2.9791151169754206","""General Emergency,Gynecology Emergency,ORL,Gastrointestinal Emergency,Medical-Surgical Emergency""",,48
246,Ain Benian,Hospital Ain Benian,"36.79628246741233, 2.9027917190876793","""General Emergency,Gynecology Emergency,ORL,Gastrointestinal Emergency,Medical-Surgical Emergency""",,77
247,Ain Benian,Dispensaire Plateau,"36.792711109128575, 2.940783040807141","""General Emergency,Gynecology Emergency,ORL,Gastrointestinal Emergency,Medical-Surgical Emergency""",,27
248,Ain Benian,Clinique Massinissa,"36.802223144121044, 2.905865998064101","""General Emergency,Pediatric Emergency,Burn Center""",,39
249,Ain Benian,Polyclinic L'ilot,"36.80380673727584, 2.9118150672249654","""General Emergency,Pediatric Emergency,Burn Center""",,36
250,Ain Benian,Polyclinique belle vue,"36.79111489670954, 2.911504063333077","""Pediatric Emergency""",,37
251,Alger-centre,CHU mustapha Bacha,"36.76252832203854, 3.05631753068968","""General Emergency, Medical-Surgical Emergency""",,41
252,bab El oued,CHU lamine debaghine (Ex maillot),"36.79498135304824, 3.0496378392272883","""General Emergency Gynecology Emergency, Pediatric Emergency,Trauma center, Psyciatric, Medical-Surgical Emergency""",,45
253,Bologhine,EPH D'IBN ZIRI DE BOLOGHINE,"36.81076802756216, 2.97883018465516","""General Emergency""",,39
254,bab El oued,EHS El Hadi FLICI ex Elkettar Alger ,"36.78644386937036, 3.052049663293176","""General Emergency, Infectious Disease Emergency Department,Medical-Surgical Emergency""",,145
255,El biar,EPH Djillali Belkhenchir El Biar Ex Birtraria,"36.773717197033704, 3.0399270232758","""General Emergency,Pediatric Emergency,Medical-Surgical Emergency""",,43
256,El harrach,CHU Salim Zemirli,"36.70354459475823, 3.1236504508597154","""General Emergency,Medical-Surgical Emergency""",,75
257,El harrach,El Harrach Hospital (Ex Belfort),"36.71653848211996, 3.137393618147282","""General Emergency, Gynecology Emergency Emergency, Pediatric Emergency""",,142
258,Birkhadem,Clinique Aya,"36.70694940190866, 3.066407984655161","""General Emergency ,Gynecology Emergency Emergency, Pediatric Emergency,Trauma Center""",,53
259,Alger-centre,Clinique centrale des brules,"36.77234100650792, 3.056657737372443","""General Emergency,Burn Center""",,37
260,Sidi M'Hamed,EPH RAHMOUNI Djilali (ex Les Orangers ),"36.75516960341133, 3.0418268662076393","""General Emergency,Medical-Surgical Emergency""",,33
261,bab El oued,Clinique Ibrahim Gharafa ex Durando,"36.7924317585417, 3.05350858465516","""General Emergency,Gynecology Emergency Emergency""",,47
262,bab El oued,Polyclinique Commandant Mira,"36.792759990471595, 3.056609484655161","""General Emergency, Gynecology Emergency Emergency,Pediatric Emergency""",,33
263,bab El oued,Polyclinique Lallahoum,"36.78792497958434, 3.0610560103880835","""General Emergency""",,40
264,Birkhadem,Clinique Ennadjah,"36.715930997198136, 3.0547962158150064","""General Emergency""",,113
265,Birkhadem,Clinique El Amel,"36.70576487469681, 3.044742231195033","""General Emergency,Gynecology Emergency,Pediatric Emergency""",,59
266,El biar,Clinique Du Val,"36.76728665216679, 3.027085819378397","""General Emergency,Medical-Surgical Emergency,Pediatric Emergency,Gynecology Emergency""",,116
267,Bouzareah,Polyclinique Freres et soeur Ait Ouali,"36.76559512411098, 3.017068622417151","""General Emergency""",,115
268,El biar,National Security Hospital Les Glycines,"36.757540864460864, 3.0420826545698785","""General Emergency""",,49
269,El Harrach,"Clinique de Consultations ""TATA Abdelhamid""","36.7196696707601, 3.1417516066796014","""General Emergency""",,42
270,Bir Mourad Rais,Clinique Bir Mourad Rais,"36.734917407725845, 3.034480085737046","""General Emergency""",,46
271,El Madania,Clinique Ennour,"36.742007630002924, 3.0659793644181055","""General Emergency, Medical-Surgical Emergency""",,37
272,El Madania,Polyclinique Nekkach Mustapha,"36.74068112134114, 3.0648838238791822","""General Emergency,Dental Emergency""",,61
273,bab El oued,Polyclinique Omar Benaissa ,"36.794734802569685, 3.047356954572145","""General Emergency,Dental Emergency""",,33
274,Casbah,Ali Ait Idir Neurosurgery Hospital,"36.787653714615814, 3.058260919591711","""General Emergency,Neurological Emergency""",,50
275,El biar,Etablissement Hospitalier Prive Bourezak,"36.769949175248925, 3.027498527587885","""General Emergency,Orthopedic Emergencies,Cardiac Emergency""",,50
276,El biar,Hopital de chirurgie pediatrique Ali Bouzid Bitararia,"36.77227415503684, 3.0373009460345193","""Pediatric Emergency""",,32
277,Birkhadem,EHS De Tixeraine,"36.72516195103163, 3.0207969767241996","""General Emergency,Pediatric Emergency,Gynecology Emergency Emergency""",,122
278,El Madania,Epsp Sidi M'hamed Bouchenafa Bellaredj,"36.74293935689301, 3.064919080288733","""General Emergency""",,35
